<?xml version="1.0" encoding="UTF-8"?>
<!DOCTYPE hibernate-configuration PUBLIC
        "-//Hibernate/Hibernate Configuration DTD 3.0//EN"
        "http://www.hibernate.org/dtd/hibernate-configuration-3.0.dtd">
  <hibernate-configuration>
    <session-factory>
        <!-- JDBC Connection properties -->
       <property name="connection.driver_class">oracle.jdbc.driver.OracleDriver</property>
       <property name="connection.url">jdbc:oracle:thin:@localhost:1521:xe</property>
       <property name="connection.username">system</property>
       <property name="connection.password">manager</property>
       <!-- Hibernate properties -->
       <property name="show_sql">true</property>
       <property name="format_sql">true</property>
       <!-- Mapping files Info -->
       <mapping class="com.nt.entity.EmpDetail"/>   
    </session-factory>
    

  </hibernate-configuration>        